49ad82c5-d5d3-456f-aebd-c67b4d57167b,models/20201015_154144__epochs_20_folds_3/fold_1/binary_model_epoch_5,0.975185, 10.343953
e48c35f9-a435-4467-b05f-c255a168c0f3,models/20201015_154144__epochs_20_folds_3/fold_1/binary_model_epoch_0,0.922250, 8.186612
266bc6ee-9af7-4733-88b2-79f8b6a750bc,models/20201015_154144__epochs_20_folds_3/fold_1/binary_model_epoch_1,0.956966, 7.245510
88e21606-50d2-44e9-9565-a5294f11b74d,models/20201015_154144__epochs_20_folds_3/fold_1/binary_model_epoch_2,0.963650, 9.311193
2ba48e91-7b68-4796-8b43-de13463cff6a,models/20201015_154144__epochs_20_folds_3/fold_1/binary_model_epoch_3,0.970345, 5.978065
1070dc15-f650-4456-8963-bff3da61ddce,models/20201015_154144__epochs_20_folds_3/fold_1/binary_model_epoch_4,0.971025, 8.667048
ae33bc74-25d5-4009-9eba-63335012edb2,models/20201015_154144__epochs_20_folds_3/fold_1/binary_model_epoch_6,0.979454, 7.368424
72b0c724-953a-4bd0-b25c-2336a03865ed,models/20201015_154144__epochs_20_folds_3/fold_1/binary_model_epoch_7,0.980804, 9.726663
e2f7b38d-6902-4792-8247-949f3b3dd54a,models/20201015_154144__epochs_20_folds_3/fold_1/binary_model_epoch_8,0.982033, 8.345728
c94434fd-172a-41e5-87d1-bbf5e224cfdd,models/20201015_154144__epochs_20_folds_3/fold_1/binary_model_epoch_9,0.983592, 7.778919
1807c39f-83ba-4bcd-9fcb-91b99aa49149,models/20201015_154144__epochs_20_folds_3/fold_1/binary_model_epoch_10,0.983460, 6.996132
5f6aa540-a45b-49f6-8ba8-5a4bb937a402,models/20201015_154144__epochs_20_folds_3/fold_1/binary_model_epoch_11,0.985041, 8.673495
1bf0adc5-9b1c-46d2-bbd3-b3ca0582cafa,models/20201015_154144__epochs_20_folds_3/fold_1/binary_model_epoch_12,0.985194, 9.226653
f179bef7-9434-4b1c-8709-c85e24009154,models/20201015_154144__epochs_20_folds_3/fold_1/binary_model_epoch_13,0.986698, 7.784252
ca71a59c-b383-4ec5-8725-e94cf191dfdb,models/20201015_154144__epochs_20_folds_3/fold_1/binary_model_epoch_14,0.986544, 7.810168
1d699e01-6887-4b9c-9f06-eea772929e0e,models/20201015_154144__epochs_20_folds_3/fold_1/binary_model_epoch_15,0.986478, 6.238346
2f7dc8b6-335c-4cf2-8e19-f6166c316e3f,models/20201015_154144__epochs_20_folds_3/fold_1/binary_model_epoch_16,0.986742, 7.855499
c42aa503-c7a8-4482-9dba-ee6b0baeea2d,models/20201015_154144__epochs_20_folds_3/fold_1/binary_model_epoch_17,0.987850, 9.115675
349718e0-e0b1-42b5-982d-e93552e9bdb7,models/20201015_154144__epochs_20_folds_3/fold_1/binary_model_epoch_18,0.988597, 9.397016
a39a3433-d5ed-4922-9c0d-37381f187eb2,models/20201015_154144__epochs_20_folds_3/fold_1/binary_model_epoch_19,0.986972, 8.899266
7b262c26-277a-4f2a-b633-ce9a32f517ed,models/20201015_154144__epochs_20_folds_3/fold_2/binary_model_epoch_0,0.938351, 7.649316
6131cd84-5f73-4a6d-b437-2e4bec5b6523,models/20201015_154144__epochs_20_folds_3/fold_2/binary_model_epoch_1,0.953849, 9.506553
2e5b842d-2018-4bf1-aebb-07f3ad4b6251,models/20201015_154144__epochs_20_folds_3/fold_2/binary_model_epoch_2,0.955133, 8.310935
dc7d9e09-69db-4d7c-8806-69f5c6520a20,models/20201015_154144__epochs_20_folds_3/fold_2/binary_model_epoch_3,0.968479, 8.305442
02e19c42-402f-4697-a314-881334b5888c,models/20201015_154144__epochs_20_folds_3/fold_2/binary_model_epoch_4,0.969664, 8.565741
da72741b-e7ca-4dfe-af07-32639f28d6a0,models/20201015_154144__epochs_20_folds_3/fold_2/binary_model_epoch_5,0.976996, 8.881681
4c385c0a-471d-4dd2-8190-7fa29875e5fa,models/20201015_154144__epochs_20_folds_3/fold_2/binary_model_epoch_6,0.977961, 7.675236
0f84701c-c0e7-4875-a211-6aca59f8283c,models/20201015_154144__epochs_20_folds_3/fold_2/binary_model_epoch_7,0.980376, 9.340848
6a0d64fc-6876-4e49-99cc-51b63cc346b3,models/20201015_154144__epochs_20_folds_3/fold_2/binary_model_epoch_8,0.980606, 9.819537
c03ff19d-5886-4a1a-82d2-62691ee8d4e3,models/20201015_154144__epochs_20_folds_3/fold_2/binary_model_epoch_9,0.981660, 9.720031
1ce1d964-3f12-4ff5-a304-b254733f9d71,models/20201015_154144__epochs_20_folds_3/fold_2/binary_model_epoch_10,0.983515, 9.438638
c671e1e5-f948-47e5-94b6-d5fa7ec1c3d5,models/20201015_154144__epochs_20_folds_3/fold_2/binary_model_epoch_11,0.984097, 8.867995
a88cc494-cba7-48f3-9913-4f041bd2a2ed,models/20201015_154144__epochs_20_folds_3/fold_2/binary_model_epoch_12,0.985008, 9.540003
c58e056a-20ae-482c-9734-ae3575e77881,models/20201015_154144__epochs_20_folds_3/fold_2/binary_model_epoch_13,0.985732, 9.702125
f20340b2-085a-481e-89ea-2493a88dde42,models/20201015_154144__epochs_20_folds_3/fold_2/binary_model_epoch_14,0.985688, 9.556973
cf215940-bc91-4b17-aaa0-6ade8d5c07c0,models/20201015_154144__epochs_20_folds_3/fold_2/binary_model_epoch_15,0.986895, 9.286703
19cb50ff-3c02-4c74-bc1d-a564a7492d4f,models/20201015_154144__epochs_20_folds_3/fold_2/binary_model_epoch_16,0.986566, 9.337291
340745be-bfbe-4f9c-b65c-5185df2c9b9b,models/20201015_154144__epochs_20_folds_3/fold_2/binary_model_epoch_17,0.986797, 9.347650
f9c62376-3f65-468f-8406-7826c8fcaabe,models/20201015_154144__epochs_20_folds_3/fold_2/binary_model_epoch_18,0.988048, 9.479014
c67e817f-9234-480a-989b-666658ae6a12,models/20201015_154144__epochs_20_folds_3/fold_2/binary_model_epoch_19,0.987214, 10.030756
24a7d365-0780-4bad-82b0-de3442b6a9eb,models/20201015_154144__epochs_20_folds_3/fold_3/binary_model_epoch_0,0.934378, 9.411052
9368b66e-0a2c-4828-8e1f-a473976090a1,models/20201015_154144__epochs_20_folds_3/fold_3/binary_model_epoch_1,0.956472, 9.025425
059951d4-fa69-47cd-b164-f97a6f5b6570,models/20201015_154144__epochs_20_folds_3/fold_3/binary_model_epoch_2,0.965021, 9.691554
04637da0-985b-4382-80d2-4ebc77e2ec62,models/20201015_154144__epochs_20_folds_3/fold_3/binary_model_epoch_3,0.969412, 8.316125
68dc4ac7-d3de-47a5-892a-8cfcf2bfbe59,models/20201015_154144__epochs_20_folds_3/fold_3/binary_model_epoch_4,0.974362, 8.833123
72911a4b-e422-4e62-854b-b1d7be38586d,models/20201015_154144__epochs_20_folds_3/fold_3/binary_model_epoch_5,0.975635, 9.411818
10b5c1ad-36e5-4ac8-8ec4-e52179e2b61b,models/20201015_154144__epochs_20_folds_3/fold_3/binary_model_epoch_6,0.974032, 8.838287
2361a235-749c-41be-aacf-30be61bf8de6,models/20201015_154144__epochs_20_folds_3/fold_3/binary_model_epoch_7,0.979114, 8.225631
1551653e-745e-4d91-abda-654aed6e2179,models/20201015_154144__epochs_20_folds_3/fold_3/binary_model_epoch_8,0.979728, 9.604404
ddb1f128-8c7f-4ac3-815b-a533ec8f725e,models/20201015_154144__epochs_20_folds_3/fold_3/binary_model_epoch_9,0.981891, 8.362038
0c3f6104-8afd-4a33-bea7-ea97d9779fd7,models/20201015_154144__epochs_20_folds_3/fold_3/binary_model_epoch_10,0.983734, 7.572583
e589dfc0-6c8b-41d2-8b22-cdf3e8aca03e,models/20201015_154144__epochs_20_folds_3/fold_3/binary_model_epoch_11,0.984755, 8.658543
33bb4223-abb1-4900-8327-0bb23316cbc5,models/20201015_154144__epochs_20_folds_3/fold_3/binary_model_epoch_12,0.984042, 8.753929
b6665b39-fbe5-4c75-8a5d-19aa6175a004,models/20201015_154144__epochs_20_folds_3/fold_3/binary_model_epoch_13,0.984777, 9.278964
b2eec008-318e-404a-b614-510ddfbd2200,models/20201015_154144__epochs_20_folds_3/fold_3/binary_model_epoch_14,0.985381, 9.542230
ad90a8cc-d536-4394-b67a-8e05415bb286,models/20201015_154144__epochs_20_folds_3/fold_3/binary_model_epoch_15,0.986489, 8.632422
76e4d268-eb77-42fb-9c8b-3b61b45032c1,models/20201015_154144__epochs_20_folds_3/fold_3/binary_model_epoch_16,0.986797, 8.109998
a969a0d1-eeab-4b88-a5c1-42366f42ad79,models/20201015_154144__epochs_20_folds_3/fold_3/binary_model_epoch_17,0.987993, 8.815921
a8058753-b5c0-411e-b455-8f38b960cc56,models/20201015_154144__epochs_20_folds_3/fold_3/binary_model_epoch_18,0.986511, 9.420678
208b1fec-2748-42f6-ba70-9592db833b06,models/20201015_154144__epochs_20_folds_3/fold_3/binary_model_epoch_19,0.988180, 7.958216
d9c553e8-1f03-4bfb-b661-f43a1318ae7c,models/20201015_164948__epochs_20_folds_3/fold_1/binary_model_epoch_0,0.934246, 10.482674
b2a8ae9e-f5f7-48a8-ac80-8c2989c59a73,models/20201015_164948__epochs_20_folds_3/fold_1/binary_model_epoch_1,0.956702, 10.867941
aa6ed032-5f20-4021-97c7-ad9bcc8e8151,models/20201015_164948__epochs_20_folds_3/fold_1/binary_model_epoch_2,0.962311, 9.999940
aef9c3b8-4753-4f9d-8307-c5278bbd46ee,models/20201015_164948__epochs_20_folds_3/fold_1/binary_model_epoch_3,0.966514, 9.924154
74759502-f041-43ef-971b-a2da35a19011,models/20201015_164948__epochs_20_folds_3/fold_1/binary_model_epoch_4,0.971398, 10.784386
027a55a6-48ea-42c6-af13-1851ed17b5cd,models/20201015_164948__epochs_20_folds_3/fold_1/binary_model_epoch_5,0.972715, 10.123484
706b8c1e-7554-4717-8629-b9ffe47a2311,models/20201015_164948__epochs_20_folds_3/fold_1/binary_model_epoch_6,0.976315, 10.893207
fb633867-0463-4a88-8351-3155384eabb7,models/20201015_164948__epochs_20_folds_3/fold_1/binary_model_epoch_7,0.975624, 10.729922
2dcccede-1ddf-41a3-b512-2e00af35e826,models/20201015_164948__epochs_20_folds_3/fold_1/binary_model_epoch_8,0.976952, 10.387033
c5b5a54a-7cec-4ad5-a93d-96850719d851,models/20201015_164948__epochs_20_folds_3/fold_1/binary_model_epoch_9,0.977468, 11.380604
38ab3ad3-a9fd-48c7-ac04-9b9ada9c6724,models/20201015_164948__epochs_20_folds_3/fold_1/binary_model_epoch_10,0.977226, 10.948888
2db9ffc5-b88e-4b87-97ca-fdf0df6840ac,models/20201015_164948__epochs_20_folds_3/fold_1/binary_model_epoch_11,0.978905, 9.929036
7346e5c2-8123-4ebb-aa18-5b07afecbd44,models/20201015_164948__epochs_20_folds_3/fold_1/binary_model_epoch_12,0.979663, 10.240594
5d162fbf-3e9d-4abe-98a1-f49890e89c98,models/20201015_164948__epochs_20_folds_3/fold_1/binary_model_epoch_13,0.980398, 9.286197
d9a64873-6268-450b-b2d5-8c55d43fdee1,models/20201015_164948__epochs_20_folds_3/fold_1/binary_model_epoch_14,0.980826, 10.077429
c1ef9a24-85d4-40af-9c4f-8c5387c50145,models/20201015_164948__epochs_20_folds_3/fold_1/binary_model_epoch_15,0.980903, 10.472283
aaf07a90-bf09-4690-8a1e-449e929dea27,models/20201015_164948__epochs_20_folds_3/fold_1/binary_model_epoch_16,0.981056, 8.672599
18027279-334e-4b4e-a17a-d64a1e9ebbc3,models/20201015_164948__epochs_20_folds_3/fold_1/binary_model_epoch_17,0.979882, 9.106393
f66ae320-1525-4a4a-a01d-f13f89d993d4,models/20201015_164948__epochs_20_folds_3/fold_1/binary_model_epoch_18,0.982286, 9.814086
d46941cc-b90e-4c0a-b3c7-f5f9c8d271ab,models/20201015_164948__epochs_20_folds_3/fold_1/binary_model_epoch_19,0.981474, 10.106753
ce19238e-da31-4733-9f90-45b7c74e66b6,models/20201015_164948__epochs_20_folds_3/fold_2/binary_model_epoch_0,0.918859, 10.435301
98a6e909-068f-42e6-ab8f-469c7bc270d8,models/20201015_164948__epochs_20_folds_3/fold_2/binary_model_epoch_1,0.955012, 10.150020
409af4d0-0b56-4244-b39a-d24f9fc3b173,models/20201015_164948__epochs_20_folds_3/fold_2/binary_model_epoch_2,0.962695, 9.528733
b3265b93-ff67-472c-b4bb-c19ce821f844,models/20201015_164948__epochs_20_folds_3/fold_2/binary_model_epoch_3,0.968281, 9.762819
0ff9771d-e08d-4bd8-a6b3-0396998f81ee,models/20201015_164948__epochs_20_folds_3/fold_2/binary_model_epoch_4,0.970915, 9.846949
f50e4ff5-fd1f-472a-9fef-6767340f121e,models/20201015_164948__epochs_20_folds_3/fold_2/binary_model_epoch_5,0.973264, 9.566672
867192a7-1e17-4b23-8f6a-7ddb2a4c9139,models/20201015_164948__epochs_20_folds_3/fold_2/binary_model_epoch_6,0.974855, 9.441418
4dc6cd93-664b-42d6-b9c4-6697ea602d82,models/20201015_164948__epochs_20_folds_3/fold_2/binary_model_epoch_7,0.976963, 7.493132
4b1bbcc7-ed38-46bb-adb1-4cf68a7df6dd,models/20201015_164948__epochs_20_folds_3/fold_2/binary_model_epoch_8,0.977402, 7.739101
6f20527d-6f0a-4588-ba7a-3428a1bd57cd,models/20201015_164948__epochs_20_folds_3/fold_2/binary_model_epoch_9,0.977907, 7.773669
364d450f-8242-4ceb-9c59-311062f2a80c,models/20201015_164948__epochs_20_folds_3/fold_2/binary_model_epoch_10,0.979026, 9.545932
3f7d22e8-7def-4b48-8c1a-b816749a66f7,models/20201015_164948__epochs_20_folds_3/fold_2/binary_model_epoch_11,0.979202, 10.979699
0186dacf-e8d8-4726-9926-89a1a03c6b93,models/20201015_164948__epochs_20_folds_3/fold_2/binary_model_epoch_12,0.980233, 9.592872
f6e0c779-23f0-4ba4-aa21-1d87f7b93fd2,models/20201015_164948__epochs_20_folds_3/fold_2/binary_model_epoch_13,0.980420, 10.769985
743d65e5-d167-4186-abd8-ab2cb161e595,models/20201015_164948__epochs_20_folds_3/fold_2/binary_model_epoch_14,0.980167, 10.572474
6d5e44c4-2bc6-46a5-afd4-33bb7ef6e7b2,models/20201015_164948__epochs_20_folds_3/fold_2/binary_model_epoch_15,0.980727, 10.529169
dc1fe287-f5cd-49f6-89c4-1b0c791d808a,models/20201015_164948__epochs_20_folds_3/fold_2/binary_model_epoch_16,0.981561, 10.925753
f2f775a9-6731-48f5-a4d4-d7e1b827e869,models/20201015_164948__epochs_20_folds_3/fold_2/binary_model_epoch_17,0.981364, 10.452988
3cbb0b00-cd96-41c1-8765-ea21e1c823ec,models/20201015_164948__epochs_20_folds_3/fold_2/binary_model_epoch_18,0.981232, 10.033681
f5b04a8a-0eef-4f5c-8fc6-031287f5b1e0,models/20201015_164948__epochs_20_folds_3/fold_2/binary_model_epoch_19,0.982505, 10.133701
c15f80e4-3a8a-4236-85b8-4e15dff7e73a,models/20201015_164948__epochs_20_folds_3/fold_3/binary_model_epoch_0,0.931722, 10.422917
d78e7e00-7c9f-4d45-8364-50251e621651,models/20201015_164948__epochs_20_folds_3/fold_3/binary_model_epoch_1,0.941666, 10.936711
0b8caa8a-9a00-4990-adbf-4fd14702634a,models/20201015_164948__epochs_20_folds_3/fold_3/binary_model_epoch_2,0.954299, 10.855341
c73922df-fbc4-4ec9-9242-fd3d3b64bf54,models/20201015_164948__epochs_20_folds_3/fold_3/binary_model_epoch_3,0.965109, 10.806961
e4d7ba21-83fa-40ab-8ee7-92387151049c,models/20201015_164948__epochs_20_folds_3/fold_3/binary_model_epoch_4,0.971804, 10.647717
fb9ffddd-de28-439c-8ae5-3473f390e6cf,models/20201015_164948__epochs_20_folds_3/fold_3/binary_model_epoch_5,0.971936, 9.813251
6cde2a28-020e-4eef-b2f8-82677e577881,models/20201015_164948__epochs_20_folds_3/fold_3/binary_model_epoch_6,0.972825, 10.575474
da5835fb-f925-480f-a339-c90c2aa4e038,models/20201015_164948__epochs_20_folds_3/fold_3/binary_model_epoch_7,0.975711, 10.398270
21673ba3-974a-4661-8931-26c96269eeea,models/20201015_164948__epochs_20_folds_3/fold_3/binary_model_epoch_8,0.978521, 9.978062
e7921e83-889d-48c3-9c7c-d2b6b80442af,models/20201015_164948__epochs_20_folds_3/fold_3/binary_model_epoch_9,0.978225, 9.868553
0a992c33-7e2f-499b-bfd6-d1025b716081,models/20201015_164948__epochs_20_folds_3/fold_3/binary_model_epoch_10,0.978532, 10.486813
a2c0888e-3e42-4a70-9591-8ef604a2f5f4,models/20201015_164948__epochs_20_folds_3/fold_3/binary_model_epoch_11,0.980552, 10.393220
751de65c-1f34-45f5-b88b-f5da5152c135,models/20201015_164948__epochs_20_folds_3/fold_3/binary_model_epoch_12,0.980124, 10.388903
71963fcf-d1eb-441e-8b44-fc05d2c7d3d6,models/20201015_164948__epochs_20_folds_3/fold_3/binary_model_epoch_13,0.981583, 9.359279
1b840db7-466c-46a4-a8cb-3a75985186fc,models/20201015_164948__epochs_20_folds_3/fold_3/binary_model_epoch_14,0.981737, 9.470879
3d25b2d7-7ff5-474a-bd2f-338a1ee9837a,models/20201015_164948__epochs_20_folds_3/fold_3/binary_model_epoch_15,0.981880, 10.590415
f97d80c6-0d78-4c6e-97be-7a40f5efbabb,models/20201015_164948__epochs_20_folds_3/fold_3/binary_model_epoch_16,0.981737, 9.309960
50487101-90cc-483c-b0af-1dce8391723b,models/20201015_164948__epochs_20_folds_3/fold_3/binary_model_epoch_17,0.980157, 10.528455
89cdc0a6-c5e8-4ee1-9ff9-764c3fb03ef9,models/20201015_164948__epochs_20_folds_3/fold_3/binary_model_epoch_18,0.982176, 9.962803
97428ca5-b10d-40dc-87a3-9b691f04b07b,models/20201015_164948__epochs_20_folds_3/fold_3/binary_model_epoch_19,0.981924, 8.735818
